DATAFLOW,LAST UPDATE,freq,leg_stat,citizen,unit,geo,TIME_PERIOD,OBS_VALUE,OBS_FLAG
ESTAT:CRIM_JUST_CTZ(1.0),16/07/24 23:00:00,Annual,Convicted person,Foreign country,Per hundred thousand inhabitants,Austria,2008,132.29,
ESTAT:CRIM_JUST_CTZ(1.0),16/07/24 23:00:00,Annual,Convicted person,Foreign country,Per hundred thousand inhabitants,Austria,2009,135.68,
ESTAT:CRIM_JUST_CTZ(1.0),16/07/24 23:00:00,Annual,Convicted person,Foreign country,Per hundred thousand inhabitants,Austria,2010,144.43,
ESTAT:CRIM_JUST_CTZ(1.0),16/07/24 23:00:00,Annual,Convicted person,Foreign country,Per hundred thousand inhabitants,Austria,2011,138.80,
ESTAT:CRIM_JUST_CTZ(1.0),16/07/24 23:00:00,Annual,Convicted person,Foreign country,Per hundred thousand inhabitants,Austria,2012,140.28,
ESTAT:CRIM_JUST_CTZ(1.0),16/07/24 23:00:00,Annual,Convicted person,Foreign country,Per hundred thousand inhabitants,Austria,2013,143.25,
ESTAT:CRIM_JUST_CTZ(1.0),16/07/24 23:00:00,Annual,Convicted person,Foreign country,Per hundred thousand inhabitants,Austria,2014,143.53,
ESTAT:CRIM_JUST_CTZ(1.0),16/07/24 23:00:00,Annual,Convicted person,Foreign country,Per hundred thousand inhabitants,Austria,2015,149.91,
ESTAT:CRIM_JUST_CTZ(1.0),16/07/24 23:00:00,Annual,Convicted person,Foreign country,Per hundred thousand inhabitants,Austria,2016,143.90,
ESTAT:CRIM_JUST_CTZ(1.0),16/07/24 23:00:00,Annual,Convicted person,Foreign country,Per hundred thousand inhabitants,Austria,2017,148.20,
ESTAT:CRIM_JUST_CTZ(1.0),16/07/24 23:00:00,Annual,Convicted person,Foreign country,Per hundred thousand inhabitants,Austria,2018,136.39,
ESTAT:CRIM_JUST_CTZ(1.0),16/07/24 23:00:00,Annual,Convicted person,Foreign country,Per hundred thousand inhabitants,Austria,2019,131.68,
ESTAT:CRIM_JUST_CTZ(1.0),16/07/24 23:00:00,Annual,Convicted person,Foreign country,Per hundred thousand inhabitants,Austria,2020,108.58,
ESTAT:CRIM_JUST_CTZ(1.0),16/07/24 23:00:00,Annual,Convicted person,Foreign country,Per hundred thousand inhabitants,Austria,2021,109.65,
ESTAT:CRIM_JUST_CTZ(1.0),16/07/24 23:00:00,Annual,Convicted person,Foreign country,Per hundred thousand inhabitants,Austria,2022,115.98,
ESTAT:CRIM_JUST_CTZ(1.0),16/07/24 23:00:00,Annual,Convicted person,Foreign country,Per hundred thousand inhabitants,Bosnia and Herzegovina,2011,1.01,
ESTAT:CRIM_JUST_CTZ(1.0),16/07/24 23:00:00,Annual,Convicted person,Foreign country,Per hundred thousand inhabitants,Bosnia and Herzegovina,2012,1.12,
ESTAT:CRIM_JUST_CTZ(1.0),16/07/24 23:00:00,Annual,Convicted person,Foreign country,Per hundred thousand inhabitants,Belgium,2010,198.83,
ESTAT:CRIM_JUST_CTZ(1.0),16/07/24 23:00:00,Annual,Convicted person,Foreign country,Per hundred thousand inhabitants,Belgium,2011,214.00,
ESTAT:CRIM_JUST_CTZ(1.0),16/07/24 23:00:00,Annual,Convicted person,Foreign country,Per hundred thousand inhabitants,Belgium,2012,257.98,
ESTAT:CRIM_JUST_CTZ(1.0),16/07/24 23:00:00,Annual,Convicted person,Foreign country,Per hundred thousand inhabitants,Belgium,2013,255.61,
ESTAT:CRIM_JUST_CTZ(1.0),16/07/24 23:00:00,Annual,Convicted person,Foreign country,Per hundred thousand inhabitants,Belgium,2014,220.27,
ESTAT:CRIM_JUST_CTZ(1.0),16/07/24 23:00:00,Annual,Convicted person,Foreign country,Per hundred thousand inhabitants,Belgium,2015,252.33,
ESTAT:CRIM_JUST_CTZ(1.0),16/07/24 23:00:00,Annual,Convicted person,Foreign country,Per hundred thousand inhabitants,Belgium,2017,467.05,
ESTAT:CRIM_JUST_CTZ(1.0),16/07/24 23:00:00,Annual,Convicted person,Foreign country,Per hundred thousand inhabitants,Belgium,2018,452.11,
ESTAT:CRIM_JUST_CTZ(1.0),16/07/24 23:00:00,Annual,Convicted person,Foreign country,Per hundred thousand inhabitants,Belgium,2019,396.44,
ESTAT:CRIM_JUST_CTZ(1.0),16/07/24 23:00:00,Annual,Convicted person,Foreign country,Per hundred thousand inhabitants,Belgium,2020,307.19,
ESTAT:CRIM_JUST_CTZ(1.0),16/07/24 23:00:00,Annual,Convicted person,Foreign country,Per hundred thousand inhabitants,Bulgaria,2008,12.01,
ESTAT:CRIM_JUST_CTZ(1.0),16/07/24 23:00:00,Annual,Convicted person,Foreign country,Per hundred thousand inhabitants,Bulgaria,2009,13.71,
ESTAT:CRIM_JUST_CTZ(1.0),16/07/24 23:00:00,Annual,Convicted person,Foreign country,Per hundred thousand inhabitants,Bulgaria,2010,30.80,
ESTAT:CRIM_JUST_CTZ(1.0),16/07/24 23:00:00,Annual,Convicted person,Foreign country,Per hundred thousand inhabitants,Bulgaria,2011,21.43,
ESTAT:CRIM_JUST_CTZ(1.0),16/07/24 23:00:00,Annual,Convicted person,Foreign country,Per hundred thousand inhabitants,Bulgaria,2012,26.35,
ESTAT:CRIM_JUST_CTZ(1.0),16/07/24 23:00:00,Annual,Convicted person,Foreign country,Per hundred thousand inhabitants,Bulgaria,2013,47.55,
ESTAT:CRIM_JUST_CTZ(1.0),16/07/24 23:00:00,Annual,Convicted person,Foreign country,Per hundred thousand inhabitants,Bulgaria,2014,66.95,
ESTAT:CRIM_JUST_CTZ(1.0),16/07/24 23:00:00,Annual,Convicted person,Foreign country,Per hundred thousand inhabitants,Bulgaria,2015,45.42,
ESTAT:CRIM_JUST_CTZ(1.0),16/07/24 23:00:00,Annual,Convicted person,Foreign country,Per hundred thousand inhabitants,Bulgaria,2016,31.89,
ESTAT:CRIM_JUST_CTZ(1.0),16/07/24 23:00:00,Annual,Convicted person,Foreign country,Per hundred thousand inhabitants,Bulgaria,2017,20.63,
ESTAT:CRIM_JUST_CTZ(1.0),16/07/24 23:00:00,Annual,Convicted person,Foreign country,Per hundred thousand inhabitants,Bulgaria,2018,17.18,
ESTAT:CRIM_JUST_CTZ(1.0),16/07/24 23:00:00,Annual,Convicted person,Foreign country,Per hundred thousand inhabitants,Bulgaria,2019,16.81,
ESTAT:CRIM_JUST_CTZ(1.0),16/07/24 23:00:00,Annual,Convicted person,Foreign country,Per hundred thousand inhabitants,Bulgaria,2020,14.54,
ESTAT:CRIM_JUST_CTZ(1.0),16/07/24 23:00:00,Annual,Convicted person,Foreign country,Per hundred thousand inhabitants,Bulgaria,2021,26.98,
ESTAT:CRIM_JUST_CTZ(1.0),16/07/24 23:00:00,Annual,Convicted person,Foreign country,Per hundred thousand inhabitants,Bulgaria,2022,36.77,
ESTAT:CRIM_JUST_CTZ(1.0),16/07/24 23:00:00,Annual,Convicted person,Foreign country,Per hundred thousand inhabitants,Switzerland,2008,638.95,
ESTAT:CRIM_JUST_CTZ(1.0),16/07/24 23:00:00,Annual,Convicted person,Foreign country,Per hundred thousand inhabitants,Switzerland,2009,659.80,
ESTAT:CRIM_JUST_CTZ(1.0),16/07/24 23:00:00,Annual,Convicted person,Foreign country,Per hundred thousand inhabitants,Switzerland,2010,688.41,
ESTAT:CRIM_JUST_CTZ(1.0),16/07/24 23:00:00,Annual,Convicted person,Foreign country,Per hundred thousand inhabitants,Switzerland,2011,675.25,
ESTAT:CRIM_JUST_CTZ(1.0),16/07/24 23:00:00,Annual,Convicted person,Foreign country,Per hundred thousand inhabitants,Switzerland,2012,740.13,
ESTAT:CRIM_JUST_CTZ(1.0),16/07/24 23:00:00,Annual,Convicted person,Foreign country,Per hundred thousand inhabitants,Switzerland,2013,756.67,
ESTAT:CRIM_JUST_CTZ(1.0),16/07/24 23:00:00,Annual,Convicted person,Foreign country,Per hundred thousand inhabitants,Switzerland,2014,754.01,
ESTAT:CRIM_JUST_CTZ(1.0),16/07/24 23:00:00,Annual,Convicted person,Foreign country,Per hundred thousand inhabitants,Switzerland,2015,742.66,
ESTAT:CRIM_JUST_CTZ(1.0),16/07/24 23:00:00,Annual,Convicted person,Foreign country,Per hundred thousand inhabitants,Switzerland,2016,738.50,
ESTAT:CRIM_JUST_CTZ(1.0),16/07/24 23:00:00,Annual,Convicted person,Foreign country,Per hundred thousand inhabitants,Switzerland,2017,711.89,
ESTAT:CRIM_JUST_CTZ(1.0),16/07/24 23:00:00,Annual,Convicted person,Foreign country,Per hundred thousand inhabitants,Switzerland,2018,713.08,
ESTAT:CRIM_JUST_CTZ(1.0),16/07/24 23:00:00,Annual,Convicted person,Foreign country,Per hundred thousand inhabitants,Switzerland,2019,626.16,
ESTAT:CRIM_JUST_CTZ(1.0),16/07/24 23:00:00,Annual,Convicted person,Foreign country,Per hundred thousand inhabitants,Switzerland,2020,621.68,
ESTAT:CRIM_JUST_CTZ(1.0),16/07/24 23:00:00,Annual,Convicted person,Foreign country,Per hundred thousand inhabitants,Switzerland,2021,629.62,
ESTAT:CRIM_JUST_CTZ(1.0),16/07/24 23:00:00,Annual,Convicted person,Foreign country,Per hundred thousand inhabitants,Switzerland,2022,656.13,
ESTAT:CRIM_JUST_CTZ(1.0),16/07/24 23:00:00,Annual,Convicted person,Foreign country,Per hundred thousand inhabitants,Czechia,2008,53.15,
ESTAT:CRIM_JUST_CTZ(1.0),16/07/24 23:00:00,Annual,Convicted person,Foreign country,Per hundred thousand inhabitants,Czechia,2009,51.10,
ESTAT:CRIM_JUST_CTZ(1.0),16/07/24 23:00:00,Annual,Convicted person,Foreign country,Per hundred thousand inhabitants,Czechia,2010,46.39,
ESTAT:CRIM_JUST_CTZ(1.0),16/07/24 23:00:00,Annual,Convicted person,Foreign country,Per hundred thousand inhabitants,Czechia,2011,46.28,
ESTAT:CRIM_JUST_CTZ(1.0),16/07/24 23:00:00,Annual,Convicted person,Foreign country,Per hundred thousand inhabitants,Czechia,2012,46.77,
ESTAT:CRIM_JUST_CTZ(1.0),16/07/24 23:00:00,Annual,Convicted person,Foreign country,Per hundred thousand inhabitants,Czechia,2013,46.79,
ESTAT:CRIM_JUST_CTZ(1.0),16/07/24 23:00:00,Annual,Convicted person,Foreign country,Per hundred thousand inhabitants,Czechia,2014,45.44,
ESTAT:CRIM_JUST_CTZ(1.0),16/07/24 23:00:00,Annual,Convicted person,Foreign country,Per hundred thousand inhabitants,Czechia,2015,46.28,
ESTAT:CRIM_JUST_CTZ(1.0),16/07/24 23:00:00,Annual,Convicted person,Foreign country,Per hundred thousand inhabitants,Czechia,2016,48.97,
ESTAT:CRIM_JUST_CTZ(1.0),16/07/24 23:00:00,Annual,Convicted person,Foreign country,Per hundred thousand inhabitants,Czechia,2017,48.47,
ESTAT:CRIM_JUST_CTZ(1.0),16/07/24 23:00:00,Annual,Convicted person,Foreign country,Per hundred thousand inhabitants,Czechia,2018,50.07,
ESTAT:CRIM_JUST_CTZ(1.0),16/07/24 23:00:00,Annual,Convicted person,Foreign country,Per hundred thousand inhabitants,Czechia,2019,54.86,
ESTAT:CRIM_JUST_CTZ(1.0),16/07/24 23:00:00,Annual,Convicted person,Foreign country,Per hundred thousand inhabitants,Czechia,2020,44.15,
ESTAT:CRIM_JUST_CTZ(1.0),16/07/24 23:00:00,Annual,Convicted person,Foreign country,Per hundred thousand inhabitants,Czechia,2021,47.65,
ESTAT:CRIM_JUST_CTZ(1.0),16/07/24 23:00:00,Annual,Convicted person,Foreign country,Per hundred thousand inhabitants,Czechia,2022,52.18,
ESTAT:CRIM_JUST_CTZ(1.0),16/07/24 23:00:00,Annual,Convicted person,Foreign country,Per hundred thousand inhabitants,Germany,2008,211.20,
ESTAT:CRIM_JUST_CTZ(1.0),16/07/24 23:00:00,Annual,Convicted person,Foreign country,Per hundred thousand inhabitants,Germany,2009,206.48,
ESTAT:CRIM_JUST_CTZ(1.0),16/07/24 23:00:00,Annual,Convicted person,Foreign country,Per hundred thousand inhabitants,Germany,2010,207.41,
ESTAT:CRIM_JUST_CTZ(1.0),16/07/24 23:00:00,Annual,Convicted person,Foreign country,Per hundred thousand inhabitants,Germany,2011,221.35,
ESTAT:CRIM_JUST_CTZ(1.0),16/07/24 23:00:00,Annual,Convicted person,Foreign country,Per hundred thousand inhabitants,Germany,2012,220.27,
ESTAT:CRIM_JUST_CTZ(1.0),16/07/24 23:00:00,Annual,Convicted person,Foreign country,Per hundred thousand inhabitants,Germany,2013,229.80,
ESTAT:CRIM_JUST_CTZ(1.0),16/07/24 23:00:00,Annual,Convicted person,Foreign country,Per hundred thousand inhabitants,Germany,2014,241.03,
ESTAT:CRIM_JUST_CTZ(1.0),16/07/24 23:00:00,Annual,Convicted person,Foreign country,Per hundred thousand inhabitants,Germany,2015,258.14,
ESTAT:CRIM_JUST_CTZ(1.0),16/07/24 23:00:00,Annual,Convicted person,Foreign country,Per hundred thousand inhabitants,Germany,2016,281.79,
ESTAT:CRIM_JUST_CTZ(1.0),16/07/24 23:00:00,Annual,Convicted person,Foreign country,Per hundred thousand inhabitants,Germany,2017,282.43,
ESTAT:CRIM_JUST_CTZ(1.0),16/07/24 23:00:00,Annual,Convicted person,Foreign country,Per hundred thousand inhabitants,Germany,2018,292.67,
ESTAT:CRIM_JUST_CTZ(1.0),16/07/24 23:00:00,Annual,Convicted person,Foreign country,Per hundred thousand inhabitants,Germany,2019,308.22,
ESTAT:CRIM_JUST_CTZ(1.0),16/07/24 23:00:00,Annual,Convicted person,Foreign country,Per hundred thousand inhabitants,Germany,2020,297.78,
ESTAT:CRIM_JUST_CTZ(1.0),16/07/24 23:00:00,Annual,Convicted person,Foreign country,Per hundred thousand inhabitants,Germany,2021,287.01,
ESTAT:CRIM_JUST_CTZ(1.0),16/07/24 23:00:00,Annual,Convicted person,Foreign country,Per hundred thousand inhabitants,Germany,2022,286.71,
ESTAT:CRIM_JUST_CTZ(1.0),16/07/24 23:00:00,Annual,Convicted person,Foreign country,Per hundred thousand inhabitants,Denmark,2014,645.91,
ESTAT:CRIM_JUST_CTZ(1.0),16/07/24 23:00:00,Annual,Convicted person,Foreign country,Per hundred thousand inhabitants,Denmark,2015,522.96,
ESTAT:CRIM_JUST_CTZ(1.0),16/07/24 23:00:00,Annual,Convicted person,Foreign country,Per hundred thousand inhabitants,Denmark,2016,527.73,
ESTAT:CRIM_JUST_CTZ(1.0),16/07/24 23:00:00,Annual,Convicted person,Foreign country,Per hundred thousand inhabitants,Denmark,2017,515.95,
ESTAT:CRIM_JUST_CTZ(1.0),16/07/24 23:00:00,Annual,Convicted person,Foreign country,Per hundred thousand inhabitants,Denmark,2018,570.90,
ESTAT:CRIM_JUST_CTZ(1.0),16/07/24 23:00:00,Annual,Convicted person,Foreign country,Per hundred thousand inhabitants,Denmark,2019,198.07,
ESTAT:CRIM_JUST_CTZ(1.0),16/07/24 23:00:00,Annual,Convicted person,Foreign country,Per hundred thousand inhabitants,Denmark,2020,190.61,
ESTAT:CRIM_JUST_CTZ(1.0),16/07/24 23:00:00,Annual,Convicted person,Foreign country,Per hundred thousand inhabitants,Denmark,2021,185.53,
ESTAT:CRIM_JUST_CTZ(1.0),16/07/24 23:00:00,Annual,Convicted person,Foreign country,Per hundred thousand inhabitants,Denmark,2022,196.19,
ESTAT:CRIM_JUST_CTZ(1.0),16/07/24 23:00:00,Annual,Convicted person,Foreign country,Per hundred thousand inhabitants,Greece,2021,20.41,
ESTAT:CRIM_JUST_CTZ(1.0),16/07/24 23:00:00,Annual,Convicted person,Foreign country,Per hundred thousand inhabitants,Greece,2022,15.72,
ESTAT:CRIM_JUST_CTZ(1.0),16/07/24 23:00:00,Annual,Convicted person,Foreign country,Per hundred thousand inhabitants,Spain,2009,0.00,
ESTAT:CRIM_JUST_CTZ(1.0),16/07/24 23:00:00,Annual,Convicted person,Foreign country,Per hundred thousand inhabitants,Spain,2014,119.01,
ESTAT:CRIM_JUST_CTZ(1.0),16/07/24 23:00:00,Annual,Convicted person,Foreign country,Per hundred thousand inhabitants,Spain,2015,118.19,
ESTAT:CRIM_JUST_CTZ(1.0),16/07/24 23:00:00,Annual,Convicted person,Foreign country,Per hundred thousand inhabitants,Spain,2016,141.15,
ESTAT:CRIM_JUST_CTZ(1.0),16/07/24 23:00:00,Annual,Convicted person,Foreign country,Per hundred thousand inhabitants,Spain,2017,144.91,
ESTAT:CRIM_JUST_CTZ(1.0),16/07/24 23:00:00,Annual,Convicted person,Foreign country,Per hundred thousand inhabitants,Spain,2018,150.98,
ESTAT:CRIM_JUST_CTZ(1.0),16/07/24 23:00:00,Annual,Convicted person,Foreign country,Per hundred thousand inhabitants,Spain,2019,158.74,
ESTAT:CRIM_JUST_CTZ(1.0),16/07/24 23:00:00,Annual,Convicted person,Foreign country,Per hundred thousand inhabitants,Spain,2020,122.19,
ESTAT:CRIM_JUST_CTZ(1.0),16/07/24 23:00:00,Annual,Convicted person,Foreign country,Per hundred thousand inhabitants,Spain,2021,153.50,
ESTAT:CRIM_JUST_CTZ(1.0),16/07/24 23:00:00,Annual,Convicted person,Foreign country,Per hundred thousand inhabitants,Spain,2022,171.25,
ESTAT:CRIM_JUST_CTZ(1.0),16/07/24 23:00:00,Annual,Convicted person,Foreign country,Per hundred thousand inhabitants,Finland,2008,368.57,
ESTAT:CRIM_JUST_CTZ(1.0),16/07/24 23:00:00,Annual,Convicted person,Foreign country,Per hundred thousand inhabitants,Finland,2009,342.51,
ESTAT:CRIM_JUST_CTZ(1.0),16/07/24 23:00:00,Annual,Convicted person,Foreign country,Per hundred thousand inhabitants,Finland,2010,398.04,
ESTAT:CRIM_JUST_CTZ(1.0),16/07/24 23:00:00,Annual,Convicted person,Foreign country,Per hundred thousand inhabitants,Finland,2011,414.49,
ESTAT:CRIM_JUST_CTZ(1.0),16/07/24 23:00:00,Annual,Convicted person,Foreign country,Per hundred thousand inhabitants,Finland,2012,391.26,
ESTAT:CRIM_JUST_CTZ(1.0),16/07/24 23:00:00,Annual,Convicted person,Foreign country,Per hundred thousand inhabitants,Finland,2013,373.40,
ESTAT:CRIM_JUST_CTZ(1.0),16/07/24 23:00:00,Annual,Convicted person,Foreign country,Per hundred thousand inhabitants,Finland,2014,359.82,
ESTAT:CRIM_JUST_CTZ(1.0),16/07/24 23:00:00,Annual,Convicted person,Foreign country,Per hundred thousand inhabitants,Finland,2015,391.14,
ESTAT:CRIM_JUST_CTZ(1.0),16/07/24 23:00:00,Annual,Convicted person,Foreign country,Per hundred thousand inhabitants,Finland,2016,346.33,
ESTAT:CRIM_JUST_CTZ(1.0),16/07/24 23:00:00,Annual,Convicted person,Foreign country,Per hundred thousand inhabitants,Finland,2017,193.41,
ESTAT:CRIM_JUST_CTZ(1.0),16/07/24 23:00:00,Annual,Convicted person,Foreign country,Per hundred thousand inhabitants,Finland,2018,191.20,
ESTAT:CRIM_JUST_CTZ(1.0),16/07/24 23:00:00,Annual,Convicted person,Foreign country,Per hundred thousand inhabitants,Finland,2019,192.88,
ESTAT:CRIM_JUST_CTZ(1.0),16/07/24 23:00:00,Annual,Convicted person,Foreign country,Per hundred thousand inhabitants,Finland,2020,165.87,
ESTAT:CRIM_JUST_CTZ(1.0),16/07/24 23:00:00,Annual,Convicted person,Foreign country,Per hundred thousand inhabitants,Finland,2021,154.27,
ESTAT:CRIM_JUST_CTZ(1.0),16/07/24 23:00:00,Annual,Convicted person,Foreign country,Per hundred thousand inhabitants,Finland,2022,161.26,
ESTAT:CRIM_JUST_CTZ(1.0),16/07/24 23:00:00,Annual,Convicted person,Foreign country,Per hundred thousand inhabitants,France,2008,125.80,
ESTAT:CRIM_JUST_CTZ(1.0),16/07/24 23:00:00,Annual,Convicted person,Foreign country,Per hundred thousand inhabitants,France,2009,124.08,
ESTAT:CRIM_JUST_CTZ(1.0),16/07/24 23:00:00,Annual,Convicted person,Foreign country,Per hundred thousand inhabitants,France,2010,224.21,
ESTAT:CRIM_JUST_CTZ(1.0),16/07/24 23:00:00,Annual,Convicted person,Foreign country,Per hundred thousand inhabitants,France,2011,197.22,
ESTAT:CRIM_JUST_CTZ(1.0),16/07/24 23:00:00,Annual,Convicted person,Foreign country,Per hundred thousand inhabitants,France,2012,181.95,
ESTAT:CRIM_JUST_CTZ(1.0),16/07/24 23:00:00,Annual,Convicted person,Foreign country,Per hundred thousand inhabitants,France,2013,172.58,
ESTAT:CRIM_JUST_CTZ(1.0),16/07/24 23:00:00,Annual,Convicted person,Foreign country,Per hundred thousand inhabitants,France,2014,137.24,
ESTAT:CRIM_JUST_CTZ(1.0),16/07/24 23:00:00,Annual,Convicted person,Foreign country,Per hundred thousand inhabitants,France,2015,132.41,
ESTAT:CRIM_JUST_CTZ(1.0),16/07/24 23:00:00,Annual,Convicted person,Foreign country,Per hundred thousand inhabitants,France,2016,104.77,
ESTAT:CRIM_JUST_CTZ(1.0),16/07/24 23:00:00,Annual,Convicted person,Foreign country,Per hundred thousand inhabitants,France,2017,105.52,
ESTAT:CRIM_JUST_CTZ(1.0),16/07/24 23:00:00,Annual,Convicted person,Foreign country,Per hundred thousand inhabitants,France,2018,125.00,
ESTAT:CRIM_JUST_CTZ(1.0),16/07/24 23:00:00,Annual,Convicted person,Foreign country,Per hundred thousand inhabitants,France,2019,127.96,
ESTAT:CRIM_JUST_CTZ(1.0),16/07/24 23:00:00,Annual,Convicted person,Foreign country,Per hundred thousand inhabitants,France,2020,107.19,
ESTAT:CRIM_JUST_CTZ(1.0),16/07/24 23:00:00,Annual,Convicted person,Foreign country,Per hundred thousand inhabitants,France,2021,130.00,
ESTAT:CRIM_JUST_CTZ(1.0),16/07/24 23:00:00,Annual,Convicted person,Foreign country,Per hundred thousand inhabitants,Croatia,2011,30.54,
ESTAT:CRIM_JUST_CTZ(1.0),16/07/24 23:00:00,Annual,Convicted person,Foreign country,Per hundred thousand inhabitants,Croatia,2012,17.28,
ESTAT:CRIM_JUST_CTZ(1.0),16/07/24 23:00:00,Annual,Convicted person,Foreign country,Per hundred thousand inhabitants,Croatia,2013,15.65,
ESTAT:CRIM_JUST_CTZ(1.0),16/07/24 23:00:00,Annual,Convicted person,Foreign country,Per hundred thousand inhabitants,Croatia,2014,12.76,
ESTAT:CRIM_JUST_CTZ(1.0),16/07/24 23:00:00,Annual,Convicted person,Foreign country,Per hundred thousand inhabitants,Croatia,2015,10.32,
ESTAT:CRIM_JUST_CTZ(1.0),16/07/24 23:00:00,Annual,Convicted person,Foreign country,Per hundred thousand inhabitants,Croatia,2016,10.19,
ESTAT:CRIM_JUST_CTZ(1.0),16/07/24 23:00:00,Annual,Convicted person,Foreign country,Per hundred thousand inhabitants,Croatia,2017,11.82,
ESTAT:CRIM_JUST_CTZ(1.0),16/07/24 23:00:00,Annual,Convicted person,Foreign country,Per hundred thousand inhabitants,Croatia,2018,12.69,
ESTAT:CRIM_JUST_CTZ(1.0),16/07/24 23:00:00,Annual,Convicted person,Foreign country,Per hundred thousand inhabitants,Croatia,2019,18.96,
ESTAT:CRIM_JUST_CTZ(1.0),16/07/24 23:00:00,Annual,Convicted person,Foreign country,Per hundred thousand inhabitants,Croatia,2020,16.49,
ESTAT:CRIM_JUST_CTZ(1.0),16/07/24 23:00:00,Annual,Convicted person,Foreign country,Per hundred thousand inhabitants,Croatia,2021,18.85,
ESTAT:CRIM_JUST_CTZ(1.0),16/07/24 23:00:00,Annual,Convicted person,Foreign country,Per hundred thousand inhabitants,Croatia,2022,23.07,
ESTAT:CRIM_JUST_CTZ(1.0),16/07/24 23:00:00,Annual,Convicted person,Foreign country,Per hundred thousand inhabitants,Hungary,2008,29.23,
ESTAT:CRIM_JUST_CTZ(1.0),16/07/24 23:00:00,Annual,Convicted person,Foreign country,Per hundred thousand inhabitants,Hungary,2009,29.33,
ESTAT:CRIM_JUST_CTZ(1.0),16/07/24 23:00:00,Annual,Convicted person,Foreign country,Per hundred thousand inhabitants,Hungary,2010,30.45,
ESTAT:CRIM_JUST_CTZ(1.0),16/07/24 23:00:00,Annual,Convicted person,Foreign country,Per hundred thousand inhabitants,Hungary,2011,19.54,
ESTAT:CRIM_JUST_CTZ(1.0),16/07/24 23:00:00,Annual,Convicted person,Foreign country,Per hundred thousand inhabitants,Hungary,2012,18.67,
ESTAT:CRIM_JUST_CTZ(1.0),16/07/24 23:00:00,Annual,Convicted person,Foreign country,Per hundred thousand inhabitants,Hungary,2013,17.39,
ESTAT:CRIM_JUST_CTZ(1.0),16/07/24 23:00:00,Annual,Convicted person,Foreign country,Per hundred thousand inhabitants,Hungary,2014,22.24,
ESTAT:CRIM_JUST_CTZ(1.0),16/07/24 23:00:00,Annual,Convicted person,Foreign country,Per hundred thousand inhabitants,Hungary,2015,29.61,
ESTAT:CRIM_JUST_CTZ(1.0),16/07/24 23:00:00,Annual,Convicted person,Foreign country,Per hundred thousand inhabitants,Hungary,2016,44.64,
ESTAT:CRIM_JUST_CTZ(1.0),16/07/24 23:00:00,Annual,Convicted person,Foreign country,Per hundred thousand inhabitants,Hungary,2017,25.14,
ESTAT:CRIM_JUST_CTZ(1.0),16/07/24 23:00:00,Annual,Convicted person,Foreign country,Per hundred thousand inhabitants,Hungary,2018,25.35,
ESTAT:CRIM_JUST_CTZ(1.0),16/07/24 23:00:00,Annual,Convicted person,Foreign country,Per hundred thousand inhabitants,Hungary,2019,25.90,
ESTAT:CRIM_JUST_CTZ(1.0),16/07/24 23:00:00,Annual,Convicted person,Foreign country,Per hundred thousand inhabitants,Hungary,2020,24.57,
ESTAT:CRIM_JUST_CTZ(1.0),16/07/24 23:00:00,Annual,Convicted person,Foreign country,Per hundred thousand inhabitants,Hungary,2021,28.13,
ESTAT:CRIM_JUST_CTZ(1.0),16/07/24 23:00:00,Annual,Convicted person,Foreign country,Per hundred thousand inhabitants,Hungary,2022,35.79,
ESTAT:CRIM_JUST_CTZ(1.0),16/07/24 23:00:00,Annual,Convicted person,Foreign country,Per hundred thousand inhabitants,Italy,2008,146.74,
ESTAT:CRIM_JUST_CTZ(1.0),16/07/24 23:00:00,Annual,Convicted person,Foreign country,Per hundred thousand inhabitants,Italy,2009,142.75,
ESTAT:CRIM_JUST_CTZ(1.0),16/07/24 23:00:00,Annual,Convicted person,Foreign country,Per hundred thousand inhabitants,Italy,2010,149.73,
ESTAT:CRIM_JUST_CTZ(1.0),16/07/24 23:00:00,Annual,Convicted person,Foreign country,Per hundred thousand inhabitants,Italy,2011,154.28,
ESTAT:CRIM_JUST_CTZ(1.0),16/07/24 23:00:00,Annual,Convicted person,Foreign country,Per hundred thousand inhabitants,Italy,2012,145.58,
ESTAT:CRIM_JUST_CTZ(1.0),16/07/24 23:00:00,Annual,Convicted person,Foreign country,Per hundred thousand inhabitants,Italy,2013,124.79,
ESTAT:CRIM_JUST_CTZ(1.0),16/07/24 23:00:00,Annual,Convicted person,Foreign country,Per hundred thousand inhabitants,Italy,2014,116.78,
ESTAT:CRIM_JUST_CTZ(1.0),16/07/24 23:00:00,Annual,Convicted person,Foreign country,Per hundred thousand inhabitants,Italy,2015,118.15,
ESTAT:CRIM_JUST_CTZ(1.0),16/07/24 23:00:00,Annual,Convicted person,Foreign country,Per hundred thousand inhabitants,Italy,2016,109.85,
ESTAT:CRIM_JUST_CTZ(1.0),16/07/24 23:00:00,Annual,Convicted person,Foreign country,Per hundred thousand inhabitants,Italy,2017,107.31,
ESTAT:CRIM_JUST_CTZ(1.0),16/07/24 23:00:00,Annual,Convicted person,Foreign country,Per hundred thousand inhabitants,Italy,2018,121.16,
ESTAT:CRIM_JUST_CTZ(1.0),16/07/24 23:00:00,Annual,Convicted person,Foreign country,Per hundred thousand inhabitants,Luxembourg,2016,884.17,
ESTAT:CRIM_JUST_CTZ(1.0),16/07/24 23:00:00,Annual,Convicted person,Foreign country,Per hundred thousand inhabitants,Luxembourg,2017,1020.88,
ESTAT:CRIM_JUST_CTZ(1.0),16/07/24 23:00:00,Annual,Convicted person,Foreign country,Per hundred thousand inhabitants,Luxembourg,2018,855.14,
ESTAT:CRIM_JUST_CTZ(1.0),16/07/24 23:00:00,Annual,Convicted person,Foreign country,Per hundred thousand inhabitants,Luxembourg,2019,759.90,
ESTAT:CRIM_JUST_CTZ(1.0),16/07/24 23:00:00,Annual,Convicted person,Foreign country,Per hundred thousand inhabitants,Luxembourg,2020,709.14,
ESTAT:CRIM_JUST_CTZ(1.0),16/07/24 23:00:00,Annual,Convicted person,Foreign country,Per hundred thousand inhabitants,Luxembourg,2021,785.37,
ESTAT:CRIM_JUST_CTZ(1.0),16/07/24 23:00:00,Annual,Convicted person,Foreign country,Per hundred thousand inhabitants,Luxembourg,2022,722.66,
ESTAT:CRIM_JUST_CTZ(1.0),16/07/24 23:00:00,Annual,Convicted person,Foreign country,Per hundred thousand inhabitants,Latvia,2008,4.93,
ESTAT:CRIM_JUST_CTZ(1.0),16/07/24 23:00:00,Annual,Convicted person,Foreign country,Per hundred thousand inhabitants,Latvia,2009,6.29,
ESTAT:CRIM_JUST_CTZ(1.0),16/07/24 23:00:00,Annual,Convicted person,Foreign country,Per hundred thousand inhabitants,Latvia,2010,5.23,
ESTAT:CRIM_JUST_CTZ(1.0),16/07/24 23:00:00,Annual,Convicted person,Foreign country,Per hundred thousand inhabitants,Latvia,2011,5.54,
ESTAT:CRIM_JUST_CTZ(1.0),16/07/24 23:00:00,Annual,Convicted person,Foreign country,Per hundred thousand inhabitants,Latvia,2012,6.31,
ESTAT:CRIM_JUST_CTZ(1.0),16/07/24 23:00:00,Annual,Convicted person,Foreign country,Per hundred thousand inhabitants,Latvia,2013,7.31,
ESTAT:CRIM_JUST_CTZ(1.0),16/07/24 23:00:00,Annual,Convicted person,Foreign country,Per hundred thousand inhabitants,Latvia,2014,8.59,
ESTAT:CRIM_JUST_CTZ(1.0),16/07/24 23:00:00,Annual,Convicted person,Foreign country,Per hundred thousand inhabitants,Latvia,2015,12.54,
ESTAT:CRIM_JUST_CTZ(1.0),16/07/24 23:00:00,Annual,Convicted person,Foreign country,Per hundred thousand inhabitants,Latvia,2016,20.06,
ESTAT:CRIM_JUST_CTZ(1.0),16/07/24 23:00:00,Annual,Convicted person,Foreign country,Per hundred thousand inhabitants,Latvia,2017,14.97,
ESTAT:CRIM_JUST_CTZ(1.0),16/07/24 23:00:00,Annual,Convicted person,Foreign country,Per hundred thousand inhabitants,Latvia,2018,12.87,
ESTAT:CRIM_JUST_CTZ(1.0),16/07/24 23:00:00,Annual,Convicted person,Foreign country,Per hundred thousand inhabitants,Latvia,2019,10.89,
ESTAT:CRIM_JUST_CTZ(1.0),16/07/24 23:00:00,Annual,Convicted person,Foreign country,Per hundred thousand inhabitants,Latvia,2020,8.54,
ESTAT:CRIM_JUST_CTZ(1.0),16/07/24 23:00:00,Annual,Convicted person,Foreign country,Per hundred thousand inhabitants,Latvia,2021,9.93,
ESTAT:CRIM_JUST_CTZ(1.0),16/07/24 23:00:00,Annual,Convicted person,Foreign country,Per hundred thousand inhabitants,Latvia,2022,9.97,
ESTAT:CRIM_JUST_CTZ(1.0),16/07/24 23:00:00,Annual,Convicted person,Foreign country,Per hundred thousand inhabitants,Montenegro,2009,157.01,
ESTAT:CRIM_JUST_CTZ(1.0),16/07/24 23:00:00,Annual,Convicted person,Foreign country,Per hundred thousand inhabitants,Montenegro,2010,4.04,
ESTAT:CRIM_JUST_CTZ(1.0),16/07/24 23:00:00,Annual,Convicted person,Foreign country,Per hundred thousand inhabitants,Montenegro,2011,5.00,
ESTAT:CRIM_JUST_CTZ(1.0),16/07/24 23:00:00,Annual,Convicted person,Foreign country,Per hundred thousand inhabitants,Montenegro,2012,7.42,
ESTAT:CRIM_JUST_CTZ(1.0),16/07/24 23:00:00,Annual,Convicted person,Foreign country,Per hundred thousand inhabitants,Montenegro,2013,29.96,
ESTAT:CRIM_JUST_CTZ(1.0),16/07/24 23:00:00,Annual,Convicted person,Foreign country,Per hundred thousand inhabitants,Montenegro,2014,23.65,
ESTAT:CRIM_JUST_CTZ(1.0),16/07/24 23:00:00,Annual,Convicted person,Foreign country,Per hundred thousand inhabitants,North Macedonia,2017,4.00,
ESTAT:CRIM_JUST_CTZ(1.0),16/07/24 23:00:00,Annual,Convicted person,Foreign country,Per hundred thousand inhabitants,North Macedonia,2019,3.37,
ESTAT:CRIM_JUST_CTZ(1.0),16/07/24 23:00:00,Annual,Convicted person,Foreign country,Per hundred thousand inhabitants,North Macedonia,2020,5.44,
ESTAT:CRIM_JUST_CTZ(1.0),16/07/24 23:00:00,Annual,Convicted person,Foreign country,Per hundred thousand inhabitants,North Macedonia,2021,8.02,
ESTAT:CRIM_JUST_CTZ(1.0),16/07/24 23:00:00,Annual,Convicted person,Foreign country,Per hundred thousand inhabitants,North Macedonia,2022,8.65,
ESTAT:CRIM_JUST_CTZ(1.0),16/07/24 23:00:00,Annual,Convicted person,Foreign country,Per hundred thousand inhabitants,Norway,2011,198.65,
ESTAT:CRIM_JUST_CTZ(1.0),16/07/24 23:00:00,Annual,Convicted person,Foreign country,Per hundred thousand inhabitants,Norway,2012,275.36,
ESTAT:CRIM_JUST_CTZ(1.0),16/07/24 23:00:00,Annual,Convicted person,Foreign country,Per hundred thousand inhabitants,Norway,2013,312.46,
ESTAT:CRIM_JUST_CTZ(1.0),16/07/24 23:00:00,Annual,Convicted person,Foreign country,Per hundred thousand inhabitants,Norway,2014,295.46,
ESTAT:CRIM_JUST_CTZ(1.0),16/07/24 23:00:00,Annual,Convicted person,Foreign country,Per hundred thousand inhabitants,Norway,2015,290.64,
ESTAT:CRIM_JUST_CTZ(1.0),16/07/24 23:00:00,Annual,Convicted person,Foreign country,Per hundred thousand inhabitants,Norway,2016,270.86,
ESTAT:CRIM_JUST_CTZ(1.0),16/07/24 23:00:00,Annual,Convicted person,Foreign country,Per hundred thousand inhabitants,Norway,2017,264.89,
ESTAT:CRIM_JUST_CTZ(1.0),16/07/24 23:00:00,Annual,Convicted person,Foreign country,Per hundred thousand inhabitants,Norway,2018,58.78,
ESTAT:CRIM_JUST_CTZ(1.0),16/07/24 23:00:00,Annual,Convicted person,Foreign country,Per hundred thousand inhabitants,Norway,2019,53.47,
ESTAT:CRIM_JUST_CTZ(1.0),16/07/24 23:00:00,Annual,Convicted person,Foreign country,Per hundred thousand inhabitants,Norway,2020,50.43,
ESTAT:CRIM_JUST_CTZ(1.0),16/07/24 23:00:00,Annual,Convicted person,Foreign country,Per hundred thousand inhabitants,Norway,2021,44.87,
ESTAT:CRIM_JUST_CTZ(1.0),16/07/24 23:00:00,Annual,Convicted person,Foreign country,Per hundred thousand inhabitants,Norway,2022,45.42,
ESTAT:CRIM_JUST_CTZ(1.0),16/07/24 23:00:00,Annual,Convicted person,Foreign country,Per hundred thousand inhabitants,Poland,2008,13.74,
ESTAT:CRIM_JUST_CTZ(1.0),16/07/24 23:00:00,Annual,Convicted person,Foreign country,Per hundred thousand inhabitants,Poland,2009,13.84,
ESTAT:CRIM_JUST_CTZ(1.0),16/07/24 23:00:00,Annual,Convicted person,Foreign country,Per hundred thousand inhabitants,Poland,2010,18.88,
ESTAT:CRIM_JUST_CTZ(1.0),16/07/24 23:00:00,Annual,Convicted person,Foreign country,Per hundred thousand inhabitants,Poland,2011,17.15,
ESTAT:CRIM_JUST_CTZ(1.0),16/07/24 23:00:00,Annual,Convicted person,Foreign country,Per hundred thousand inhabitants,Poland,2012,18.55,
ESTAT:CRIM_JUST_CTZ(1.0),16/07/24 23:00:00,Annual,Convicted person,Foreign country,Per hundred thousand inhabitants,Poland,2013,18.17,
ESTAT:CRIM_JUST_CTZ(1.0),16/07/24 23:00:00,Annual,Convicted person,Foreign country,Per hundred thousand inhabitants,Poland,2014,17.84,
ESTAT:CRIM_JUST_CTZ(1.0),16/07/24 23:00:00,Annual,Convicted person,Foreign country,Per hundred thousand inhabitants,Poland,2015,18.79,
ESTAT:CRIM_JUST_CTZ(1.0),16/07/24 23:00:00,Annual,Convicted person,Foreign country,Per hundred thousand inhabitants,Poland,2016,24.59,
ESTAT:CRIM_JUST_CTZ(1.0),16/07/24 23:00:00,Annual,Convicted person,Foreign country,Per hundred thousand inhabitants,Poland,2017,22.07,
ESTAT:CRIM_JUST_CTZ(1.0),16/07/24 23:00:00,Annual,Convicted person,Foreign country,Per hundred thousand inhabitants,Poland,2018,27.30,
ESTAT:CRIM_JUST_CTZ(1.0),16/07/24 23:00:00,Annual,Convicted person,Foreign country,Per hundred thousand inhabitants,Poland,2019,31.57,
ESTAT:CRIM_JUST_CTZ(1.0),16/07/24 23:00:00,Annual,Convicted person,Foreign country,Per hundred thousand inhabitants,Poland,2020,30.72,
ESTAT:CRIM_JUST_CTZ(1.0),16/07/24 23:00:00,Annual,Convicted person,Foreign country,Per hundred thousand inhabitants,Portugal,2008,101.29,
ESTAT:CRIM_JUST_CTZ(1.0),16/07/24 23:00:00,Annual,Convicted person,Foreign country,Per hundred thousand inhabitants,Portugal,2009,98.03,
ESTAT:CRIM_JUST_CTZ(1.0),16/07/24 23:00:00,Annual,Convicted person,Foreign country,Per hundred thousand inhabitants,Portugal,2010,98.37,
ESTAT:CRIM_JUST_CTZ(1.0),16/07/24 23:00:00,Annual,Convicted person,Foreign country,Per hundred thousand inhabitants,Portugal,2011,96.68,
ESTAT:CRIM_JUST_CTZ(1.0),16/07/24 23:00:00,Annual,Convicted person,Foreign country,Per hundred thousand inhabitants,Portugal,2012,96.38,
ESTAT:CRIM_JUST_CTZ(1.0),16/07/24 23:00:00,Annual,Convicted person,Foreign country,Per hundred thousand inhabitants,Portugal,2013,77.48,
ESTAT:CRIM_JUST_CTZ(1.0),16/07/24 23:00:00,Annual,Convicted person,Foreign country,Per hundred thousand inhabitants,Portugal,2014,57.95,
ESTAT:CRIM_JUST_CTZ(1.0),16/07/24 23:00:00,Annual,Convicted person,Foreign country,Per hundred thousand inhabitants,Portugal,2015,62.19,
ESTAT:CRIM_JUST_CTZ(1.0),16/07/24 23:00:00,Annual,Convicted person,Foreign country,Per hundred thousand inhabitants,Portugal,2016,60.82,
ESTAT:CRIM_JUST_CTZ(1.0),16/07/24 23:00:00,Annual,Convicted person,Foreign country,Per hundred thousand inhabitants,Portugal,2017,57.78,
ESTAT:CRIM_JUST_CTZ(1.0),16/07/24 23:00:00,Annual,Convicted person,Foreign country,Per hundred thousand inhabitants,Portugal,2018,52.62,
ESTAT:CRIM_JUST_CTZ(1.0),16/07/24 23:00:00,Annual,Convicted person,Foreign country,Per hundred thousand inhabitants,Portugal,2019,53.91,
ESTAT:CRIM_JUST_CTZ(1.0),16/07/24 23:00:00,Annual,Convicted person,Foreign country,Per hundred thousand inhabitants,Portugal,2020,44.75,
ESTAT:CRIM_JUST_CTZ(1.0),16/07/24 23:00:00,Annual,Convicted person,Foreign country,Per hundred thousand inhabitants,Portugal,2021,59.32,
ESTAT:CRIM_JUST_CTZ(1.0),16/07/24 23:00:00,Annual,Convicted person,Foreign country,Per hundred thousand inhabitants,Portugal,2022,67.31,
ESTAT:CRIM_JUST_CTZ(1.0),16/07/24 23:00:00,Annual,Convicted person,Foreign country,Per hundred thousand inhabitants,Romania,2008,3.57,
ESTAT:CRIM_JUST_CTZ(1.0),16/07/24 23:00:00,Annual,Convicted person,Foreign country,Per hundred thousand inhabitants,Romania,2009,2.71,
ESTAT:CRIM_JUST_CTZ(1.0),16/07/24 23:00:00,Annual,Convicted person,Foreign country,Per hundred thousand inhabitants,Romania,2016,1.60,
ESTAT:CRIM_JUST_CTZ(1.0),16/07/24 23:00:00,Annual,Convicted person,Foreign country,Per hundred thousand inhabitants,Romania,2017,2.15,
ESTAT:CRIM_JUST_CTZ(1.0),16/07/24 23:00:00,Annual,Convicted person,Foreign country,Per hundred thousand inhabitants,Romania,2018,2.03,
ESTAT:CRIM_JUST_CTZ(1.0),16/07/24 23:00:00,Annual,Convicted person,Foreign country,Per hundred thousand inhabitants,Romania,2019,2.02,
ESTAT:CRIM_JUST_CTZ(1.0),16/07/24 23:00:00,Annual,Convicted person,Foreign country,Per hundred thousand inhabitants,Romania,2020,1.47,
ESTAT:CRIM_JUST_CTZ(1.0),16/07/24 23:00:00,Annual,Convicted person,Foreign country,Per hundred thousand inhabitants,Romania,2021,1.57,
ESTAT:CRIM_JUST_CTZ(1.0),16/07/24 23:00:00,Annual,Convicted person,Foreign country,Per hundred thousand inhabitants,Romania,2022,1.45,
ESTAT:CRIM_JUST_CTZ(1.0),16/07/24 23:00:00,Annual,Convicted person,Foreign country,Per hundred thousand inhabitants,Serbia,2012,10.57,
ESTAT:CRIM_JUST_CTZ(1.0),16/07/24 23:00:00,Annual,Convicted person,Foreign country,Per hundred thousand inhabitants,Serbia,2013,7.90,
ESTAT:CRIM_JUST_CTZ(1.0),16/07/24 23:00:00,Annual,Convicted person,Foreign country,Per hundred thousand inhabitants,Serbia,2014,7.37,
ESTAT:CRIM_JUST_CTZ(1.0),16/07/24 23:00:00,Annual,Convicted person,Foreign country,Per hundred thousand inhabitants,Serbia,2015,10.29,
ESTAT:CRIM_JUST_CTZ(1.0),16/07/24 23:00:00,Annual,Convicted person,Foreign country,Per hundred thousand inhabitants,Serbia,2016,9.43,
ESTAT:CRIM_JUST_CTZ(1.0),16/07/24 23:00:00,Annual,Convicted person,Foreign country,Per hundred thousand inhabitants,Serbia,2017,14.35,
ESTAT:CRIM_JUST_CTZ(1.0),16/07/24 23:00:00,Annual,Convicted person,Foreign country,Per hundred thousand inhabitants,Serbia,2018,15.33,
ESTAT:CRIM_JUST_CTZ(1.0),16/07/24 23:00:00,Annual,Convicted person,Foreign country,Per hundred thousand inhabitants,Serbia,2019,10.58,
ESTAT:CRIM_JUST_CTZ(1.0),16/07/24 23:00:00,Annual,Convicted person,Foreign country,Per hundred thousand inhabitants,Serbia,2020,11.77,
ESTAT:CRIM_JUST_CTZ(1.0),16/07/24 23:00:00,Annual,Convicted person,Foreign country,Per hundred thousand inhabitants,Serbia,2021,15.27,
ESTAT:CRIM_JUST_CTZ(1.0),16/07/24 23:00:00,Annual,Convicted person,Foreign country,Per hundred thousand inhabitants,Serbia,2022,18.43,
ESTAT:CRIM_JUST_CTZ(1.0),16/07/24 23:00:00,Annual,Convicted person,Foreign country,Per hundred thousand inhabitants,Slovenia,2015,59.72,
ESTAT:CRIM_JUST_CTZ(1.0),16/07/24 23:00:00,Annual,Convicted person,Foreign country,Per hundred thousand inhabitants,Slovenia,2016,49.70,
ESTAT:CRIM_JUST_CTZ(1.0),16/07/24 23:00:00,Annual,Convicted person,Foreign country,Per hundred thousand inhabitants,Slovenia,2017,69.22,
ESTAT:CRIM_JUST_CTZ(1.0),16/07/24 23:00:00,Annual,Convicted person,Foreign country,Per hundred thousand inhabitants,Slovenia,2018,47.17,
ESTAT:CRIM_JUST_CTZ(1.0),16/07/24 23:00:00,Annual,Convicted person,Foreign country,Per hundred thousand inhabitants,Slovenia,2019,61.22,
ESTAT:CRIM_JUST_CTZ(1.0),16/07/24 23:00:00,Annual,Convicted person,Foreign country,Per hundred thousand inhabitants,Slovenia,2020,45.09,
ESTAT:CRIM_JUST_CTZ(1.0),16/07/24 23:00:00,Annual,Convicted person,Foreign country,Per hundred thousand inhabitants,Slovenia,2021,41.54,
ESTAT:CRIM_JUST_CTZ(1.0),16/07/24 23:00:00,Annual,Convicted person,Foreign country,Per hundred thousand inhabitants,Slovenia,2022,58.51,
ESTAT:CRIM_JUST_CTZ(1.0),16/07/24 23:00:00,Annual,Convicted person,Foreign country,Per hundred thousand inhabitants,Slovakia,2008,11.10,
ESTAT:CRIM_JUST_CTZ(1.0),16/07/24 23:00:00,Annual,Convicted person,Foreign country,Per hundred thousand inhabitants,Slovakia,2009,10.16,
ESTAT:CRIM_JUST_CTZ(1.0),16/07/24 23:00:00,Annual,Convicted person,Foreign country,Per hundred thousand inhabitants,Slovakia,2010,10.76,
ESTAT:CRIM_JUST_CTZ(1.0),16/07/24 23:00:00,Annual,Convicted person,Foreign country,Per hundred thousand inhabitants,Slovakia,2011,10.64,
ESTAT:CRIM_JUST_CTZ(1.0),16/07/24 23:00:00,Annual,Convicted person,Foreign country,Per hundred thousand inhabitants,Slovakia,2012,12.43,
ESTAT:CRIM_JUST_CTZ(1.0),16/07/24 23:00:00,Annual,Convicted person,Foreign country,Per hundred thousand inhabitants,Slovakia,2013,13.08,
ESTAT:CRIM_JUST_CTZ(1.0),16/07/24 23:00:00,Annual,Convicted person,Foreign country,Per hundred thousand inhabitants,Slovakia,2014,12.85,
ESTAT:CRIM_JUST_CTZ(1.0),16/07/24 23:00:00,Annual,Convicted person,Foreign country,Per hundred thousand inhabitants,Slovakia,2015,14.20,
ESTAT:CRIM_JUST_CTZ(1.0),16/07/24 23:00:00,Annual,Convicted person,Foreign country,Per hundred thousand inhabitants,Slovakia,2016,15.19,
ESTAT:CRIM_JUST_CTZ(1.0),16/07/24 23:00:00,Annual,Convicted person,Foreign country,Per hundred thousand inhabitants,Slovakia,2017,16.25,
ESTAT:CRIM_JUST_CTZ(1.0),16/07/24 23:00:00,Annual,Convicted person,Foreign country,Per hundred thousand inhabitants,Slovakia,2018,19.07,
ESTAT:CRIM_JUST_CTZ(1.0),16/07/24 23:00:00,Annual,Convicted person,Foreign country,Per hundred thousand inhabitants,Slovakia,2019,17.45,
ESTAT:CRIM_JUST_CTZ(1.0),16/07/24 23:00:00,Annual,Convicted person,Foreign country,Per hundred thousand inhabitants,Slovakia,2020,14.66,
ESTAT:CRIM_JUST_CTZ(1.0),16/07/24 23:00:00,Annual,Convicted person,Foreign country,Per hundred thousand inhabitants,Slovakia,2021,14.96,
ESTAT:CRIM_JUST_CTZ(1.0),16/07/24 23:00:00,Annual,Convicted person,Foreign country,Per hundred thousand inhabitants,Slovakia,2022,18.05,
ESTAT:CRIM_JUST_CTZ(1.0),16/07/24 23:00:00,Annual,Convicted person,Foreign country,Per hundred thousand inhabitants,Türkiye,2009,8.95,
ESTAT:CRIM_JUST_CTZ(1.0),16/07/24 23:00:00,Annual,Convicted person,Foreign country,Per hundred thousand inhabitants,Türkiye,2010,8.68,
ESTAT:CRIM_JUST_CTZ(1.0),16/07/24 23:00:00,Annual,Convicted person,Foreign country,Per hundred thousand inhabitants,Türkiye,2011,10.36,
ESTAT:CRIM_JUST_CTZ(1.0),16/07/24 23:00:00,Annual,Convicted person,Foreign country,Per hundred thousand inhabitants,Türkiye,2012,11.86,
ESTAT:CRIM_JUST_CTZ(1.0),16/07/24 23:00:00,Annual,Convicted person,Foreign country,Per hundred thousand inhabitants,Türkiye,2013,4.50,
ESTAT:CRIM_JUST_CTZ(1.0),16/07/24 23:00:00,Annual,Convicted person,Foreign country,Per hundred thousand inhabitants,Türkiye,2014,6.89,
ESTAT:CRIM_JUST_CTZ(1.0),16/07/24 23:00:00,Annual,Convicted person,Foreign country,Per hundred thousand inhabitants,Türkiye,2015,7.72,
ESTAT:CRIM_JUST_CTZ(1.0),16/07/24 23:00:00,Annual,Convicted person,Foreign country,Per hundred thousand inhabitants,Türkiye,2016,6.38,
ESTAT:CRIM_JUST_CTZ(1.0),16/07/24 23:00:00,Annual,Convicted person,Foreign country,Per hundred thousand inhabitants,Türkiye,2017,7.31,
ESTAT:CRIM_JUST_CTZ(1.0),16/07/24 23:00:00,Annual,Convicted person,Foreign country,Per hundred thousand inhabitants,Türkiye,2018,11.82,
ESTAT:CRIM_JUST_CTZ(1.0),16/07/24 23:00:00,Annual,Convicted person,Foreign country,Per hundred thousand inhabitants,Türkiye,2019,13.66,
ESTAT:CRIM_JUST_CTZ(1.0),16/07/24 23:00:00,Annual,Convicted person,Foreign country,Per hundred thousand inhabitants,Türkiye,2020,13.13,
ESTAT:CRIM_JUST_CTZ(1.0),16/07/24 23:00:00,Annual,Convicted person,Foreign country,Per hundred thousand inhabitants,Türkiye,2021,19.91,
ESTAT:CRIM_JUST_CTZ(1.0),16/07/24 23:00:00,Annual,Convicted person,Foreign country,Per hundred thousand inhabitants,Türkiye,2022,19.40,
ESTAT:CRIM_JUST_CTZ(1.0),16/07/24 23:00:00,Annual,Convicted person,Foreign country,Per hundred thousand inhabitants,Kosovo*,2008,4.41,
ESTAT:CRIM_JUST_CTZ(1.0),16/07/24 23:00:00,Annual,Convicted person,Foreign country,Per hundred thousand inhabitants,Kosovo*,2009,3.39,
ESTAT:CRIM_JUST_CTZ(1.0),16/07/24 23:00:00,Annual,Convicted person,Foreign country,Per hundred thousand inhabitants,Kosovo*,2010,4.35,
ESTAT:CRIM_JUST_CTZ(1.0),16/07/24 23:00:00,Annual,Convicted person,Foreign country,Per hundred thousand inhabitants,Kosovo*,2011,6.13,
ESTAT:CRIM_JUST_CTZ(1.0),16/07/24 23:00:00,Annual,Convicted person,Foreign country,Per hundred thousand inhabitants,Kosovo*,2016,2.09,
ESTAT:CRIM_JUST_CTZ(1.0),16/07/24 23:00:00,Annual,Convicted person,Foreign country,Per hundred thousand inhabitants,Kosovo*,2017,2.02,
ESTAT:CRIM_JUST_CTZ(1.0),16/07/24 23:00:00,Annual,Convicted person,Foreign country,Per hundred thousand inhabitants,Kosovo*,2018,1.78,
ESTAT:CRIM_JUST_CTZ(1.0),16/07/24 23:00:00,Annual,Convicted person,Foreign country,Per hundred thousand inhabitants,Kosovo*,2019,2.45,
